id;nom;adresse;email
1;application;Plastic Vision-oriented;Hillard87@hotmail.com
2;Producer Global system;Buckinghamshire Dam;King_Murazik@hotmail.com
3;calculate stable;Prairie Savings calculate;Lourdes_Rodriguez@hotmail.com
4;teal;Unbranded XSS Nuevo;Aniyah85@yahoo.com
5;e-markets Keyboard Fish;Gambia Metrics revolutionary;Van44@yahoo.com
6;quantifying backing;Account;Gust75@hotmail.com
7;Cheese digital;Associate National;Lonie_Ruecker28@gmail.com
8;cross-platform drive;Cambridgeshire;Erick_Quitzon@gmail.com
9;Tasty Bolivia;back-end;Elsie_Hermiston13@hotmail.com
10;web-enabled;Profit-focused;Adolph.Lynch48@gmail.com
